{"cameraMode":{"drawMode":0,"name":"Shaded","section":"Shading Mode"},"sceneLighting":false,"audioPlay":false,"sceneViewState":{"showFog":true,"showMaterialUpdate":true,"showSkybox":true,"showFlares":true,"showImageEffects":true,"showParticleSystems":true},"in2DMode":false,"pivot":{"x":-2.8218376636505129,"y":-1.3555567264556885,"z":9.424141883850098},"rotation":{"x":-0.1597614884376526,"y":-0.14835481345653535,"z":0.02429305389523506,"w":-0.9756418466567993},"size":16.02030372619629,"orthographic":false}